{
  "version": "1.0",
  "defaultProvider": "cdnjs",
  "libraries": [
    {
      "library": "bootstrap@5.3.3",
      "destination": "wwwroot/bootstrap/",
      "files": [
        "js/bootstrap.min.js",
        "css/bootstrap.min.css",
        "js/bootstrap.bundle.min.js"
      ]
    },
    {
      "provider": "cdnjs",
      "library": "font-awesome@6.7.2",
      "destination": "wwwroot/font-awesome/",
      "files": [
        "webfonts/fa-brands-400.ttf",
        "webfonts/fa-brands-400.woff2",
        "webfonts/fa-regular-400.ttf",
        "webfonts/fa-regular-400.woff2",
        "webfonts/fa-solid-900.ttf",
        "webfonts/fa-solid-900.woff2",
        "webfonts/fa-v4compatibility.ttf",
        "webfonts/fa-v4compatibility.woff2",
        "css/all.min.css",
        "js/all.min.js"
      ]
    },
    {
      "provider": "cdnjs",
      "library": "admin-lte@3.2.0",
      "destination": "wwwroot/admin-lte/",
      "files": [
        "js/adminlte.min.js",
        "css/adminlte.min.css",
        "img/AdminLTELogo.png",
        "img/avatar.png",
        "img/avatar2.png",
        "img/avatar3.png",
        "img/avatar4.png",
        "img/avatar5.png",
        "img/boxed-bg.jpg",
        "img/boxed-bg.png",
        "img/default-150x150.png",
        "img/icons.png",
        "img/photo1.png",
        "img/photo2.png",
        "img/photo3.jpg",
        "img/photo4.jpg",
        "img/prod-1.jpg",
        "img/prod-2.jpg",
        "img/prod-3.jpg",
        "img/prod-4.jpg",
        "img/prod-5.jpg",
        "img/user1-128x128.jpg",
        "img/user2-160x160.jpg",
        "img/user3-128x128.jpg",
        "img/user4-128x128.jpg",
        "img/user5-128x128.jpg",
        "img/user6-128x128.jpg",
        "img/user7-128x128.jpg",
        "img/user8-128x128.jpg",
        "img/credit/american-express.png",
        "img/credit/cirrus.png",
        "img/credit/mastercard.png",
        "img/credit/paypal.png",
        "img/credit/paypal2.png",
        "img/credit/visa.png"
      ]
    },
    {
      "provider": "cdnjs",
      "library": "jquery@3.7.1",
      "destination": "wwwroot/jquery/",
      "files": [
        "jquery.min.js"
      ]
    },
    {
      "provider": "cdnjs",
      "library": "jquery-validate@1.21.0",
      "destination": "wwwroot/jquery-validate/"
    },
    {
      "provider": "cdnjs",
      "library": "jquery-validation-unobtrusive@4.0.0",
      "destination": "wwwroot/jquery-validation-unobtrusive/",
      "files": [
        "jquery.validate.unobtrusive.min.js"
      ]
    }
  ]
}